{
    "just-train": {
        "accuracy": 0.9491525423728814,
        "balanced_accuracy": 0.9340277777777777,
        "precision": [
            1.0,
            0.8888888888888888,
            0.9393939393939394
        ],
        "recall": [
            0.9444444444444444,
            0.8888888888888888,
            0.96875
        ],
        "f1": [
            0.9714285714285714,
            0.8888888888888888,
            0.9538461538461539
        ],
        "confusion_matrix": [
            [31, 1, 0],
            [1, 8, 0],
            [1, 0, 17]
        ]
    },
    "hold-out": {
        "train": {
            "accuracy": 0.9772727272727273,
            "balanced_accuracy": 0.9444444444444445,
            "precision": [
                0.9230769230769231,
                1.0,
                1.0
            ],
            "recall": [
                1.0,
                0.8333333333333334,
                1.0
            ],
            "f1": [
                0.9600000000000001,
                0.9090909090909091,
                1.0
            ],
            "confusion_matrix": [
                [26, 0, 0],
                [0, 5, 1],
                [0, 0, 12]
            ]
        },
        "test": {
            "accuracy": 0.7333333333333333,
            "balanced_accuracy": 0.6111111111111112,
            "precision": [
                0.7142857142857143,
                0.0,
                0.75
            ],
            "recall": [
                0.8333333333333334,
                0.0,
                1.0
            ],
            "f1": [
                0.7692307692307692,
                0.0,
                0.8571428571428571
            ],
            "confusion_matrix": [
                [6, 0, 0],
                [1, 0, 2],
                [1, 0, 5]
            ]
        }
    },
    "cross-validation1": {
        "train": {
            "accuracy": [
                0.9906346483704974,
                0.025214851631438204
            ],
            "balanced_accuracy": [
                0.9856641123882504,
                0.04005435158836549
            ],
            "precision_macro": [
                0.9903703703703703,
                0.02872699174765236
            ],
            "recall_macro": [
                0.9856641123882504,
                0.04005435158836549
            ],
            "f1_macro": [
                0.9873736684682793,
                0.0331163883209029
            ]
        },
        "test": {
            "accuracy": [
                0.6126190476190476,
                0.24520850491847493
            ],
            "balanced_accuracy": [
                0.4972222222222221,
                0.342872758315766
            ],
            "precision_macro": [
                0.4523809523809524,
                0.3377738990110272
            ],
            "recall_macro": [
                0.4972222222222221,
                0.342872758315766
            ],
            "f1_macro": [
                0.4407503607503608,
                0.30595942820033867
            ]
        }
    },
    "cross-validation2": {
        "accuracy": 0.6440677966101694,
        "balanced_accuracy": 0.5115740740740741,
        "precision": [
            0.5789473684210527,
            0.3333333333333333,
            0.7027027027027027
        ],
        "recall": [
            0.6111111111111112,
            0.1111111111111111,
            0.8125
        ],
        "f1": [
            0.5945945945945946,
            0.16666666666666666,
            0.7536231884057971
        ],
        "confusion_matrix": [
            [26, 2, 4],
            [4, 1, 4],
            [7, 0, 11]
        ]
    },
    "leave-one-out1": {
        "train": {
            "accuracy": [
                0.9926943308007014,
                0.021250331926005665
            ],
            "balanced_accuracy": [
                0.9879866449039977,
                0.03681278579957852
            ],
            "precision_macro": [
                0.9930306864700839,
                0.02293036373400885
            ],
            "recall_macro": [
                0.9879866449039977,
                0.03681278579957852
            ],
            "f1_macro": [
                0.9900749808521213,
                0.02969781389425748
            ]
        },
        "test": {
            "accuracy": [
                0.7288135593220338,
                0.889144206685017
            ],
            "balanced_accuracy": [
                0.7288135593220338,
                0.889144206685017
            ],
            "precision_macro": [
                0.7288135593220338,
                0.889144206685017
            ],
            "recall_macro": [
                0.7288135593220338,
                0.889144206685017
            ],
            "f1_macro": [
                0.7288135593220338,
                0.889144206685017
            ]
        }
    },
    "leave-one-out2": {
        "accuracy": 0.7288135593220338,
        "balanced_accuracy": 0.6307870370370371,
        "precision": [
            0.6666666666666666,
            0.5,
            0.8064516129032258
        ],
        "recall": [
            0.8888888888888888,
            0.2222222222222222,
            0.78125
        ],
        "f1": [
            0.761904761904762,
            0.30769230769230765,
            0.7936507936507936
        ],
        "confusion_matrix": [
            [25, 2, 5],
            [4, 2, 3],
            [2, 0, 16]
        ]
    }
}